{
  "xy": {
    "1": {
      "_score": 1,
      "_used_adapter": "dolly"
    },
    "3": {
      "_score": 1,
      "_used_adapter": "dolly"
    },
    "5": {
      "_score": 1,
      "_used_adapter": "dolly"
    },
    "7": {
      "_score": 1,
      "_used_adapter": "dolly"
    }
  },
  "xyz": {
    "1": {
      "_score": 1,
      "_used_adapter": "pubmed"
    },
    "3": {
      "_score": -1,
      "_used_adapter": "pubmed"
    },
    "5": {
      "_score": -1,
      "_used_adapter": "pubmed"
    },
    "7": {
      "_score": 1,
      "_used_adapter": "pubmed"
    }
  },
  "zzz": {
    "3": {
      "_score": -1,
      "_used_adapter": "pubmed"
    },
    "7": {
      "_score": 1,
      "_used_adapter": "pubmed"
    },
    "9": {
      "_score": 1,
      "_used_adapter": "pubmed"
    }
  },
  "2rcekpdjodg3qqwzbe47k6w3z4ts5og8aopvob2mrv9numztk3gnjis1kpt734zx": {
    "3": {
      "_score": 1.0,
      "_used_adapter": "dolly"
    },
    "5": {
      "_score": 1.0,
      "_used_adapter": "dolly"
    }
  },
  "2qt3gaqm0h2hw39zxvk3qtbp8i14k7ms26dlkvhlzpqlrg0opdt8v72qy9d82qjk": {
    "8": {
      "_score": 1.0,
      "_used_adapter": "dolly",
      "time": 1710416645.6451893
    },
    "10": {
      "_score": -1.0,
      "_used_adapter": "dolly",
      "time": 1710416647.4145033
    }
  },
  "fdsfasdf": {
    "8": {
      "_score": 1.0,
      "_used_adapter": "dolly",
      "time": 1710416645.6451893
    },
    "10": {
      "_score": -1.0,
      "_used_adapter": "dolly",
      "time": 1710416647.4145033
    }
  }
}